_frequency,_networth,_points
.089715339,14310.071,2.1338177
.11707959,8504.3164,1.5409417
.043229293,34580.188,1.716186
.12251423,14473.298,4.4846249
.27387896,20731.525,4.3284006
.10366856,27068.141,4.8608518
.037779335,4071.9922,6.2610345
.10905556,20752.289,7.1911798
.10307911,32460.16,7.6794338
